Index,Customer Id,First Name,Last Name,Company,City,Country,Phone 1,Phone 2,Email,Subscription Date,Website
1,f8463F562c58a0E,Cheyenne,Waller,Mueller Group,Ortizchester,Luxembourg,2868804914,596.613.4851x55997,justin98@oconnor.com,6/3/2022,https://warren.biz/
2,F015Cc697A7fC44,Alisha,Marsh,Hood-Ross,East Isaiahport,Reunion,536.961.6286x6057,(429)216-4777x46422,albert38@middleton.com,1/3/2024,https://carney-mccormick.com/
3,ccfD2BEDbb7C58e,Lance,Dunlap,Bass-Carr,Whitneybury,Vietnam,872-461-5090,247.985.9451x6005,uterry@anderson.com,7/25/2022,https://www.bernard-mayer.info/
4,cdFbd68a8b6290f,Ricardo,Rojas,Barnett-Nielsen,West Cathy,Ireland,719.744.0771,(664)284-2976x53519,whendricks@waller.com,1/26/2021,http://www.clarke.org/
5,8DfD5cc318e620a,Kim,Carlson,Mccullough-Eaton,Port Bryan,British Virgin Islands,+1-999-423-0064x642,8654372118,gallaghermike@pena.com,10/8/2023,https://wolfe.info/
6,6FCe9AF225A52b7,Danielle,Acosta,"Shah, Avery and Miles",Kaiserport,Sao Tome and Principe,897-836-2923,702-494-8931,norma95@ballard.com,8/17/2021,https://marquez-hebert.com/
7,13B7eD7ADe53cea,Brianna,Stone,Fernandez and Sons,New Erica,French Southern Territories,001-347-468-0331x994,746-909-5716x99284,lawrence45@taylor-bishop.com,11/6/2024,https://miles-bishop.com/
8,cfEF8CAe16842F1,Isabella,Bonilla,Conway Ltd,Craigfort,French Southern Territories,+1-866-425-1854,+1-986-279-8992,barrerakristi@james.com,2/26/2020,http://cameron-tucker.com/
9,7b08206dE0163bD,Preston,Solis,Hart-Barry,Walterside,Saudi Arabia,001-744-548-2112x37377,238.440.4586x010,rodriguezlogan@beck.com,1/27/2022,https://logan.biz/
10,cA0A8326b781CCB,Phillip,Knight,Barton-Dunlap,Brandyfort,Cocos (Keeling) Islands,882-479-6725,001-513-687-2104,kenneth82@roy.net,1/5/2020,https://www.gill-glenn.com/
